{"count":1,"self":1.3298351,"total":80.3008742,"children":{"InitializeActuators":{"count":1,"self":0.0020007,"total":0.0020007,"children":null},"InitializeSensors":{"count":1,"self":0.0010000999999999999,"total":0.0010000999999999999,"children":null},"AgentSendState":{"count":198,"self":0.0029963,"total":3.2141973999999998,"children":{"CollectObservations":{"count":198,"self":0.0010004999999999999,"total":0.0010004999999999999,"children":null},"WriteActionMask":{"count":198,"self":0.0009981,"total":0.0009981,"children":null},"RequestDecision":{"count":198,"self":0.0010000999999999999,"total":3.2092025,"children":{"AgentInfo.ToProto":{"count":198,"self":0.00099969999999999985,"total":3.2082024,"children":{"GenerateSensorData":{"count":198,"self":0.010827699999999999,"total":3.2072027,"children":{"CameraSensor.GetCompressedObservation":{"count":1782,"self":3.1963749999999997,"total":3.1963749999999997,"children":null}}}}}}}}},"DecideAction":{"count":198,"self":75.7337984,"total":75.7337987,"children":null},"AgentAct":{"count":198,"self":0.0180413,"total":0.0180413,"children":null}},"gauges":{},"metadata":{"timer_format_version":"0.1.0","start_time_seconds":"1616700217","unity_version":"2019.4.22f1","command_line_arguments":"G:\\program\\git-project\\-mlAgent-detectLineGame\\.\/build\/DQN_LINE_Detect_game.exe --mlagents-port 5005","communication_protocol_version":"1.4.0","com.unity.ml-agents_version":"1.8.1-preview","scene_name":"Scene","end_time_seconds":"1616700297"}}