{"count":1,"self":80.516128,"total":40184.130194599995,"children":{"InitializeActuators":{"count":1,"self":0.0019949,"total":0.0019949,"children":null},"InitializeSensors":{"count":1,"self":0.0009981,"total":0.0009981,"children":null},"AgentSendState":{"count":172309,"self":1.1361649999999999,"total":2306.7074441,"children":{"CollectObservations":{"count":172309,"self":0.1610936,"total":0.1610936,"children":null},"WriteActionMask":{"count":172309,"self":0.17599599999999999,"total":0.17599599999999999,"children":null},"RequestDecision":{"count":172309,"self":0.60611439999999994,"total":2305.2341895,"children":{"AgentInfo.ToProto":{"count":172309,"self":0.86847029999999992,"total":2304.6280751,"children":{"GenerateSensorData":{"count":172309,"self":15.7221984,"total":2303.7596048,"children":{"CameraSensor.GetCompressedObservation":{"count":1550781,"self":2288.0374784,"total":2288.0374062,"children":null}}}}}}}}},"DecideAction":{"count":172309,"self":37795.1551488,"total":37795.1556539,"children":null},"AgentAct":{"count":172309,"self":1.7391442,"total":1.7391442,"children":null}},"gauges":{},"metadata":{"timer_format_version":"0.1.0","start_time_seconds":"1616944865","unity_version":"2019.4.22f1","command_line_arguments":"D:\\program\\git_project\\-mlAgent-detectLineGame\\.\/build\/DetectLineGame.exe --mlagents-port 5005","communication_protocol_version":"1.4.0","com.unity.ml-agents_version":"1.8.1-preview","scene_name":"Scene","end_time_seconds":"1616985049"}}